pid	class_label
test_pid_1	moderate
test_pid_2	moderate
test_pid_3	moderate
test_pid_4	moderate
test_pid_5	moderate
test_pid_6	moderate
test_pid_7	moderate
test_pid_8	moderate
test_pid_9	severe
test_pid_10	severe
test_pid_11	moderate
test_pid_12	not depression
test_pid_13	moderate
test_pid_14	severe
test_pid_15	moderate
test_pid_16	not depression
test_pid_17	moderate
test_pid_18	moderate
test_pid_19	moderate
test_pid_20	not depression
test_pid_21	moderate
test_pid_22	not depression
test_pid_23	moderate
test_pid_24	not depression
test_pid_25	not depression
test_pid_26	moderate
test_pid_27	moderate
test_pid_28	moderate
test_pid_29	moderate
test_pid_30	moderate
test_pid_31	moderate
test_pid_32	moderate
test_pid_33	moderate
test_pid_34	severe
test_pid_35	moderate
test_pid_36	moderate
test_pid_37	moderate
test_pid_38	moderate
test_pid_39	moderate
test_pid_40	not depression
test_pid_41	moderate
test_pid_42	moderate
test_pid_43	moderate
test_pid_44	moderate
test_pid_45	moderate
test_pid_46	moderate
test_pid_47	moderate
test_pid_48	moderate
test_pid_49	moderate
test_pid_50	moderate
test_pid_51	moderate
test_pid_52	not depression
test_pid_53	moderate
test_pid_54	moderate
test_pid_55	not depression
test_pid_56	not depression
test_pid_57	moderate
test_pid_58	not depression
test_pid_59	moderate
test_pid_60	moderate
test_pid_61	moderate
test_pid_62	moderate
test_pid_63	moderate
test_pid_64	moderate
test_pid_65	moderate
test_pid_66	moderate
test_pid_67	moderate
test_pid_68	moderate
test_pid_69	moderate
test_pid_70	moderate
test_pid_71	moderate
test_pid_72	moderate
test_pid_73	not depression
test_pid_74	moderate
test_pid_75	moderate
test_pid_76	moderate
test_pid_77	moderate
test_pid_78	not depression
test_pid_79	not depression
test_pid_80	moderate
test_pid_81	moderate
test_pid_82	not depression
test_pid_83	moderate
test_pid_84	not depression
test_pid_85	not depression
test_pid_86	not depression
test_pid_87	moderate
test_pid_88	moderate
test_pid_89	moderate
test_pid_90	not depression
test_pid_91	not depression
test_pid_92	moderate
test_pid_93	moderate
test_pid_94	moderate
test_pid_95	moderate
test_pid_96	not depression
test_pid_97	not depression
test_pid_98	moderate
test_pid_99	not depression
test_pid_100	not depression
test_pid_101	moderate
test_pid_102	not depression
test_pid_103	not depression
test_pid_104	moderate
test_pid_105	not depression
test_pid_106	moderate
test_pid_107	moderate
test_pid_108	moderate
test_pid_109	moderate
test_pid_110	not depression
test_pid_111	not depression
test_pid_112	moderate
test_pid_113	not depression
test_pid_114	moderate
test_pid_115	moderate
test_pid_116	moderate
test_pid_117	not depression
test_pid_118	moderate
test_pid_119	moderate
test_pid_120	moderate
test_pid_121	moderate
test_pid_122	not depression
test_pid_123	not depression
test_pid_124	moderate
test_pid_125	moderate
test_pid_126	not depression
test_pid_127	moderate
test_pid_128	moderate
test_pid_129	not depression
test_pid_130	moderate
test_pid_131	not depression
test_pid_132	not depression
test_pid_133	not depression
test_pid_134	not depression
test_pid_135	moderate
test_pid_136	moderate
test_pid_137	moderate
test_pid_138	not depression
test_pid_139	moderate
test_pid_140	moderate
test_pid_141	not depression
test_pid_142	not depression
test_pid_143	moderate
test_pid_144	not depression
test_pid_145	moderate
test_pid_146	not depression
test_pid_147	moderate
test_pid_148	not depression
test_pid_149	moderate
test_pid_150	moderate
test_pid_151	moderate
test_pid_152	moderate
test_pid_153	moderate
test_pid_154	moderate
test_pid_155	not depression
test_pid_156	moderate
test_pid_157	moderate
test_pid_158	moderate
test_pid_159	moderate
test_pid_160	moderate
test_pid_161	moderate
test_pid_162	moderate
test_pid_163	not depression
test_pid_164	not depression
test_pid_165	moderate
test_pid_166	moderate
test_pid_167	moderate
test_pid_168	moderate
test_pid_169	moderate
test_pid_170	moderate
test_pid_171	not depression
test_pid_172	not depression
test_pid_173	moderate
test_pid_174	moderate
test_pid_175	moderate
test_pid_176	not depression
test_pid_177	moderate
test_pid_178	moderate
test_pid_179	not depression
test_pid_180	moderate
test_pid_181	moderate
test_pid_182	not depression
test_pid_183	moderate
test_pid_184	moderate
test_pid_185	not depression
test_pid_186	moderate
test_pid_187	not depression
test_pid_188	moderate
test_pid_189	not depression
test_pid_190	moderate
test_pid_191	moderate
test_pid_192	not depression
test_pid_193	not depression
test_pid_194	moderate
test_pid_195	not depression
test_pid_196	not depression
test_pid_197	moderate
test_pid_198	moderate
test_pid_199	moderate
test_pid_200	not depression
test_pid_201	moderate
test_pid_202	moderate
test_pid_203	not depression
test_pid_204	moderate
test_pid_205	not depression
test_pid_206	not depression
test_pid_207	not depression
test_pid_208	moderate
test_pid_209	severe
test_pid_210	moderate
test_pid_211	not depression
test_pid_212	moderate
test_pid_213	moderate
test_pid_214	not depression
test_pid_215	moderate
test_pid_216	not depression
test_pid_217	not depression
test_pid_218	not depression
test_pid_219	not depression
test_pid_220	not depression
test_pid_221	moderate
test_pid_222	not depression
test_pid_223	moderate
test_pid_224	moderate
test_pid_225	moderate
test_pid_226	moderate
test_pid_227	not depression
test_pid_228	moderate
test_pid_229	moderate
test_pid_230	moderate
test_pid_231	moderate
test_pid_232	moderate
test_pid_233	not depression
test_pid_234	moderate
test_pid_235	not depression
test_pid_236	not depression
test_pid_237	not depression
test_pid_238	moderate
test_pid_239	moderate
test_pid_240	moderate
test_pid_241	not depression
test_pid_242	moderate
test_pid_243	moderate
test_pid_244	moderate
test_pid_245	moderate
test_pid_246	not depression
test_pid_247	moderate
test_pid_248	moderate
test_pid_249	moderate
test_pid_250	moderate
test_pid_251	not depression
test_pid_252	moderate
test_pid_253	not depression
test_pid_254	moderate
test_pid_255	moderate
test_pid_256	not depression
test_pid_257	moderate
test_pid_258	not depression
test_pid_259	moderate
test_pid_260	moderate
test_pid_261	not depression
test_pid_262	moderate
test_pid_263	not depression
test_pid_264	moderate
test_pid_265	not depression
test_pid_266	moderate
test_pid_267	not depression
test_pid_268	not depression
test_pid_269	moderate
test_pid_270	moderate
test_pid_271	not depression
test_pid_272	moderate
test_pid_273	moderate
test_pid_274	not depression
test_pid_275	moderate
test_pid_276	not depression
test_pid_277	moderate
test_pid_278	not depression
test_pid_279	moderate
test_pid_280	not depression
test_pid_281	moderate
test_pid_282	not depression
test_pid_283	moderate
test_pid_284	moderate
test_pid_285	moderate
test_pid_286	moderate
test_pid_287	severe
test_pid_288	moderate
test_pid_289	not depression
test_pid_290	moderate
test_pid_291	moderate
test_pid_292	moderate
test_pid_293	moderate
test_pid_294	moderate
test_pid_295	not depression
test_pid_296	moderate
test_pid_297	not depression
test_pid_298	moderate
test_pid_299	not depression
test_pid_300	moderate
test_pid_301	moderate
test_pid_302	not depression
test_pid_303	moderate
test_pid_304	moderate
test_pid_305	not depression
test_pid_306	moderate
test_pid_307	moderate
test_pid_308	severe
test_pid_309	moderate
test_pid_310	not depression
test_pid_311	moderate
test_pid_312	moderate
test_pid_313	not depression
test_pid_314	moderate
test_pid_315	moderate
test_pid_316	moderate
test_pid_317	moderate
test_pid_318	moderate
test_pid_319	moderate
test_pid_320	moderate
test_pid_321	moderate
test_pid_322	moderate
test_pid_323	not depression
test_pid_324	moderate
test_pid_325	moderate
test_pid_326	moderate
test_pid_327	moderate
test_pid_328	not depression
test_pid_329	not depression
test_pid_330	severe
test_pid_331	not depression
test_pid_332	moderate
test_pid_333	not depression
test_pid_334	not depression
test_pid_335	not depression
test_pid_336	moderate
test_pid_337	moderate
test_pid_338	not depression
test_pid_339	moderate
test_pid_340	moderate
test_pid_341	not depression
test_pid_342	moderate
test_pid_343	not depression
test_pid_344	moderate
test_pid_345	moderate
test_pid_346	moderate
test_pid_347	moderate
test_pid_348	not depression
test_pid_349	moderate
test_pid_350	not depression
test_pid_351	not depression
test_pid_352	moderate
test_pid_353	not depression
test_pid_354	moderate
test_pid_355	moderate
test_pid_356	moderate
test_pid_357	not depression
test_pid_358	moderate
test_pid_359	not depression
test_pid_360	not depression
test_pid_361	not depression
test_pid_362	moderate
test_pid_363	not depression
test_pid_364	not depression
test_pid_365	moderate
test_pid_366	not depression
test_pid_367	not depression
test_pid_368	not depression
test_pid_369	not depression
test_pid_370	not depression
test_pid_371	moderate
test_pid_372	not depression
test_pid_373	not depression
test_pid_374	moderate
test_pid_375	moderate
test_pid_376	not depression
test_pid_377	moderate
test_pid_378	moderate
test_pid_379	moderate
test_pid_380	moderate
test_pid_381	not depression
test_pid_382	moderate
test_pid_383	moderate
test_pid_384	moderate
test_pid_385	moderate
test_pid_386	not depression
test_pid_387	severe
test_pid_388	moderate
test_pid_389	not depression
test_pid_390	moderate
test_pid_391	moderate
test_pid_392	moderate
test_pid_393	moderate
test_pid_394	moderate
test_pid_395	moderate
test_pid_396	moderate
test_pid_397	not depression
test_pid_398	not depression
test_pid_399	moderate
test_pid_400	moderate
test_pid_401	moderate
test_pid_402	moderate
test_pid_403	moderate
test_pid_404	not depression
test_pid_405	moderate
test_pid_406	moderate
test_pid_407	moderate
test_pid_408	moderate
test_pid_409	not depression
test_pid_410	not depression
test_pid_411	moderate
test_pid_412	moderate
test_pid_413	not depression
test_pid_414	moderate
test_pid_415	moderate
test_pid_416	not depression
test_pid_417	not depression
test_pid_418	not depression
test_pid_419	not depression
test_pid_420	moderate
test_pid_421	not depression
test_pid_422	not depression
test_pid_423	moderate
test_pid_424	not depression
test_pid_425	moderate
test_pid_426	moderate
test_pid_427	moderate
test_pid_428	severe
test_pid_429	not depression
test_pid_430	not depression
test_pid_431	moderate
test_pid_432	moderate
test_pid_433	moderate
test_pid_434	moderate
test_pid_435	moderate
test_pid_436	moderate
test_pid_437	moderate
test_pid_438	moderate
test_pid_439	not depression
test_pid_440	not depression
test_pid_441	moderate
test_pid_442	not depression
test_pid_443	not depression
test_pid_444	moderate
test_pid_445	moderate
test_pid_446	not depression
test_pid_447	moderate
test_pid_448	moderate
test_pid_449	moderate
test_pid_450	moderate
test_pid_451	moderate
test_pid_452	moderate
test_pid_453	moderate
test_pid_454	moderate
test_pid_455	moderate
test_pid_456	severe
test_pid_457	moderate
test_pid_458	moderate
test_pid_459	moderate
test_pid_460	moderate
test_pid_461	not depression
test_pid_462	moderate
test_pid_463	moderate
test_pid_464	not depression
test_pid_465	moderate
test_pid_466	not depression
test_pid_467	not depression
test_pid_468	not depression
test_pid_469	moderate
test_pid_470	moderate
test_pid_471	moderate
test_pid_472	moderate
test_pid_473	moderate
test_pid_474	not depression
test_pid_475	not depression
test_pid_476	moderate
test_pid_477	not depression
test_pid_478	moderate
test_pid_479	moderate
test_pid_480	moderate
test_pid_481	moderate
test_pid_482	not depression
test_pid_483	not depression
test_pid_484	moderate
test_pid_485	not depression
test_pid_486	moderate
test_pid_487	not depression
test_pid_488	moderate
test_pid_489	moderate
test_pid_490	not depression
test_pid_491	moderate
test_pid_492	moderate
test_pid_493	moderate
test_pid_494	not depression
test_pid_495	not depression
test_pid_496	moderate
test_pid_497	moderate
test_pid_498	moderate
test_pid_499	moderate
test_pid_500	moderate
test_pid_501	moderate
test_pid_502	moderate
test_pid_503	moderate
test_pid_504	moderate
test_pid_505	moderate
test_pid_506	not depression
test_pid_507	not depression
test_pid_508	moderate
test_pid_509	moderate
test_pid_510	moderate
test_pid_511	moderate
test_pid_512	not depression
test_pid_513	not depression
test_pid_514	moderate
test_pid_515	moderate
test_pid_516	not depression
test_pid_517	not depression
test_pid_518	moderate
test_pid_519	not depression
test_pid_520	moderate
test_pid_521	not depression
test_pid_522	moderate
test_pid_523	moderate
test_pid_524	moderate
test_pid_525	not depression
test_pid_526	moderate
test_pid_527	not depression
test_pid_528	moderate
test_pid_529	moderate
test_pid_530	moderate
test_pid_531	not depression
test_pid_532	moderate
test_pid_533	not depression
test_pid_534	not depression
test_pid_535	moderate
test_pid_536	not depression
test_pid_537	not depression
test_pid_538	not depression
test_pid_539	not depression
test_pid_540	not depression
test_pid_541	moderate
test_pid_542	not depression
test_pid_543	not depression
test_pid_544	moderate
test_pid_545	severe
test_pid_546	not depression
test_pid_547	moderate
test_pid_548	moderate
test_pid_549	moderate
test_pid_550	moderate
test_pid_551	not depression
test_pid_552	not depression
test_pid_553	not depression
test_pid_554	not depression
test_pid_555	not depression
test_pid_556	moderate
test_pid_557	moderate
test_pid_558	moderate
test_pid_559	moderate
test_pid_560	moderate
test_pid_561	moderate
test_pid_562	moderate
test_pid_563	moderate
test_pid_564	moderate
test_pid_565	moderate
test_pid_566	moderate
test_pid_567	moderate
test_pid_568	moderate
test_pid_569	moderate
test_pid_570	moderate
test_pid_571	moderate
test_pid_572	moderate
test_pid_573	not depression
test_pid_574	moderate
test_pid_575	moderate
test_pid_576	not depression
test_pid_577	moderate
test_pid_578	not depression
test_pid_579	moderate
test_pid_580	moderate
test_pid_581	moderate
test_pid_582	moderate
test_pid_583	not depression
test_pid_584	moderate
test_pid_585	moderate
test_pid_586	moderate
test_pid_587	moderate
test_pid_588	moderate
test_pid_589	moderate
test_pid_590	moderate
test_pid_591	moderate
test_pid_592	moderate
test_pid_593	moderate
test_pid_594	moderate
test_pid_595	moderate
test_pid_596	moderate
test_pid_597	moderate
test_pid_598	moderate
test_pid_599	moderate
test_pid_600	moderate
test_pid_601	moderate
test_pid_602	not depression
test_pid_603	moderate
test_pid_604	moderate
test_pid_605	moderate
test_pid_606	moderate
test_pid_607	moderate
test_pid_608	moderate
test_pid_609	moderate
test_pid_610	not depression
test_pid_611	moderate
test_pid_612	not depression
test_pid_613	moderate
test_pid_614	moderate
test_pid_615	moderate
test_pid_616	moderate
test_pid_617	severe
test_pid_618	moderate
test_pid_619	moderate
test_pid_620	moderate
test_pid_621	moderate
test_pid_622	moderate
test_pid_623	moderate
test_pid_624	moderate
test_pid_625	severe
test_pid_626	not depression
test_pid_627	moderate
test_pid_628	not depression
test_pid_629	moderate
test_pid_630	not depression
test_pid_631	moderate
test_pid_632	moderate
test_pid_633	moderate
test_pid_634	moderate
test_pid_635	moderate
test_pid_636	moderate
test_pid_637	moderate
test_pid_638	moderate
test_pid_639	moderate
test_pid_640	moderate
test_pid_641	moderate
test_pid_642	not depression
test_pid_643	moderate
test_pid_644	moderate
test_pid_645	moderate
test_pid_646	moderate
test_pid_647	moderate
test_pid_648	moderate
test_pid_649	moderate
test_pid_650	moderate
test_pid_651	not depression
test_pid_652	moderate
test_pid_653	not depression
test_pid_654	moderate
test_pid_655	moderate
test_pid_656	moderate
test_pid_657	severe
test_pid_658	moderate
test_pid_659	moderate
test_pid_660	moderate
test_pid_661	moderate
test_pid_662	moderate
test_pid_663	moderate
test_pid_664	moderate
test_pid_665	not depression
test_pid_666	moderate
test_pid_667	not depression
test_pid_668	moderate
test_pid_669	moderate
test_pid_670	severe
test_pid_671	not depression
test_pid_672	moderate
test_pid_673	moderate
test_pid_674	moderate
test_pid_675	moderate
test_pid_676	moderate
test_pid_677	not depression
test_pid_678	moderate
test_pid_679	moderate
test_pid_680	moderate
test_pid_681	moderate
test_pid_682	moderate
test_pid_683	moderate
test_pid_684	not depression
test_pid_685	moderate
test_pid_686	moderate
test_pid_687	moderate
test_pid_688	moderate
test_pid_689	not depression
test_pid_690	not depression
test_pid_691	moderate
test_pid_692	not depression
test_pid_693	moderate
test_pid_694	moderate
test_pid_695	moderate
test_pid_696	moderate
test_pid_697	moderate
test_pid_698	moderate
test_pid_699	severe
test_pid_700	moderate
test_pid_701	moderate
test_pid_702	moderate
test_pid_703	moderate
test_pid_704	moderate
test_pid_705	moderate
test_pid_706	moderate
test_pid_707	moderate
test_pid_708	not depression
test_pid_709	moderate
test_pid_710	moderate
test_pid_711	moderate
test_pid_712	severe
test_pid_713	moderate
test_pid_714	moderate
test_pid_715	moderate
test_pid_716	moderate
test_pid_717	moderate
test_pid_718	moderate
test_pid_719	moderate
test_pid_720	moderate
test_pid_721	not depression
test_pid_722	moderate
test_pid_723	moderate
test_pid_724	moderate
test_pid_725	moderate
test_pid_726	moderate
test_pid_727	severe
test_pid_728	moderate
test_pid_729	moderate
test_pid_730	moderate
test_pid_731	moderate
test_pid_732	moderate
test_pid_733	moderate
test_pid_734	moderate
test_pid_735	moderate
test_pid_736	moderate
test_pid_737	moderate
test_pid_738	moderate
test_pid_739	moderate
test_pid_740	not depression
test_pid_741	moderate
test_pid_742	moderate
test_pid_743	moderate
test_pid_744	moderate
test_pid_745	moderate
test_pid_746	moderate
test_pid_747	moderate
test_pid_748	not depression
test_pid_749	moderate
test_pid_750	moderate
test_pid_751	moderate
test_pid_752	moderate
test_pid_753	not depression
test_pid_754	moderate
test_pid_755	moderate
test_pid_756	moderate
test_pid_757	not depression
test_pid_758	moderate
test_pid_759	moderate
test_pid_760	moderate
test_pid_761	moderate
test_pid_762	moderate
test_pid_763	moderate
test_pid_764	moderate
test_pid_765	moderate
test_pid_766	moderate
test_pid_767	moderate
test_pid_768	moderate
test_pid_769	moderate
test_pid_770	moderate
test_pid_771	not depression
test_pid_772	moderate
test_pid_773	moderate
test_pid_774	not depression
test_pid_775	moderate
test_pid_776	moderate
test_pid_777	moderate
test_pid_778	moderate
test_pid_779	moderate
test_pid_780	moderate
test_pid_781	moderate
test_pid_782	not depression
test_pid_783	moderate
test_pid_784	moderate
test_pid_785	moderate
test_pid_786	moderate
test_pid_787	not depression
test_pid_788	moderate
test_pid_789	moderate
test_pid_790	moderate
test_pid_791	moderate
test_pid_792	moderate
test_pid_793	moderate
test_pid_794	moderate
test_pid_795	moderate
test_pid_796	not depression
test_pid_797	moderate
test_pid_798	moderate
test_pid_799	moderate
test_pid_800	moderate
test_pid_801	moderate
test_pid_802	moderate
test_pid_803	moderate
test_pid_804	moderate
test_pid_805	moderate
test_pid_806	moderate
test_pid_807	not depression
test_pid_808	not depression
test_pid_809	moderate
test_pid_810	moderate
test_pid_811	moderate
test_pid_812	moderate
test_pid_813	not depression
test_pid_814	moderate
test_pid_815	moderate
test_pid_816	moderate
test_pid_817	moderate
test_pid_818	moderate
test_pid_819	severe
test_pid_820	moderate
test_pid_821	moderate
test_pid_822	moderate
test_pid_823	moderate
test_pid_824	moderate
test_pid_825	severe
test_pid_826	moderate
test_pid_827	moderate
test_pid_828	moderate
test_pid_829	moderate
test_pid_830	moderate
test_pid_831	moderate
test_pid_832	not depression
test_pid_833	moderate
test_pid_834	moderate
test_pid_835	moderate
test_pid_836	moderate
test_pid_837	moderate
test_pid_838	not depression
test_pid_839	moderate
test_pid_840	moderate
test_pid_841	moderate
test_pid_842	moderate
test_pid_843	not depression
test_pid_844	moderate
test_pid_845	not depression
test_pid_846	moderate
test_pid_847	moderate
test_pid_848	moderate
test_pid_849	moderate
test_pid_850	moderate
test_pid_851	severe
test_pid_852	moderate
test_pid_853	not depression
test_pid_854	moderate
test_pid_855	moderate
test_pid_856	moderate
test_pid_857	moderate
test_pid_858	moderate
test_pid_859	moderate
test_pid_860	moderate
test_pid_861	not depression
test_pid_862	moderate
test_pid_863	moderate
test_pid_864	not depression
test_pid_865	moderate
test_pid_866	moderate
test_pid_867	moderate
test_pid_868	moderate
test_pid_869	severe
test_pid_870	moderate
test_pid_871	moderate
test_pid_872	moderate
test_pid_873	moderate
test_pid_874	moderate
test_pid_875	moderate
test_pid_876	moderate
test_pid_877	not depression
test_pid_878	moderate
test_pid_879	moderate
test_pid_880	moderate
test_pid_881	not depression
test_pid_882	severe
test_pid_883	not depression
test_pid_884	moderate
test_pid_885	not depression
test_pid_886	moderate
test_pid_887	moderate
test_pid_888	moderate
test_pid_889	not depression
test_pid_890	moderate
test_pid_891	moderate
test_pid_892	not depression
test_pid_893	moderate
test_pid_894	moderate
test_pid_895	moderate
test_pid_896	moderate
test_pid_897	moderate
test_pid_898	moderate
test_pid_899	not depression
test_pid_900	moderate
test_pid_901	moderate
test_pid_902	moderate
test_pid_903	moderate
test_pid_904	moderate
test_pid_905	moderate
test_pid_906	not depression
test_pid_907	moderate
test_pid_908	moderate
test_pid_909	moderate
test_pid_910	moderate
test_pid_911	moderate
test_pid_912	moderate
test_pid_913	moderate
test_pid_914	not depression
test_pid_915	moderate
test_pid_916	moderate
test_pid_917	moderate
test_pid_918	moderate
test_pid_919	moderate
test_pid_920	not depression
test_pid_921	moderate
test_pid_922	not depression
test_pid_923	not depression
test_pid_924	moderate
test_pid_925	not depression
test_pid_926	not depression
test_pid_927	not depression
test_pid_928	moderate
test_pid_929	moderate
test_pid_930	moderate
test_pid_931	moderate
test_pid_932	not depression
test_pid_933	not depression
test_pid_934	moderate
test_pid_935	moderate
test_pid_936	moderate
test_pid_937	moderate
test_pid_938	moderate
test_pid_939	not depression
test_pid_940	moderate
test_pid_941	not depression
test_pid_942	moderate
test_pid_943	not depression
test_pid_944	not depression
test_pid_945	moderate
test_pid_946	moderate
test_pid_947	moderate
test_pid_948	moderate
test_pid_949	severe
test_pid_950	moderate
test_pid_951	not depression
test_pid_952	not depression
test_pid_953	severe
test_pid_954	not depression
test_pid_955	moderate
test_pid_956	moderate
test_pid_957	moderate
test_pid_958	not depression
test_pid_959	moderate
test_pid_960	moderate
test_pid_961	not depression
test_pid_962	moderate
test_pid_963	moderate
test_pid_964	moderate
test_pid_965	not depression
test_pid_966	moderate
test_pid_967	moderate
test_pid_968	not depression
test_pid_969	severe
test_pid_970	not depression
test_pid_971	moderate
test_pid_972	moderate
test_pid_973	not depression
test_pid_974	moderate
test_pid_975	not depression
test_pid_976	not depression
test_pid_977	moderate
test_pid_978	not depression
test_pid_979	not depression
test_pid_980	moderate
test_pid_981	not depression
test_pid_982	moderate
test_pid_983	moderate
test_pid_984	moderate
test_pid_985	not depression
test_pid_986	moderate
test_pid_987	moderate
test_pid_988	moderate
test_pid_989	not depression
test_pid_990	not depression
test_pid_991	not depression
test_pid_992	moderate
test_pid_993	moderate
test_pid_994	not depression
test_pid_995	severe
test_pid_996	moderate
test_pid_997	moderate
test_pid_998	not depression
test_pid_999	moderate
test_pid_1000	not depression
test_pid_1001	not depression
test_pid_1002	not depression
test_pid_1003	moderate
test_pid_1004	not depression
test_pid_1005	not depression
test_pid_1006	moderate
test_pid_1007	moderate
test_pid_1008	not depression
test_pid_1009	moderate
test_pid_1010	not depression
test_pid_1011	not depression
test_pid_1012	not depression
test_pid_1013	not depression
test_pid_1014	moderate
test_pid_1015	not depression
test_pid_1016	moderate
test_pid_1017	not depression
test_pid_1018	moderate
test_pid_1019	not depression
test_pid_1020	moderate
test_pid_1021	not depression
test_pid_1022	moderate
test_pid_1023	moderate
test_pid_1024	severe
test_pid_1025	moderate
test_pid_1026	severe
test_pid_1027	not depression
test_pid_1028	moderate
test_pid_1029	not depression
test_pid_1030	moderate
test_pid_1031	moderate
test_pid_1032	moderate
test_pid_1033	moderate
test_pid_1034	moderate
test_pid_1035	not depression
test_pid_1036	moderate
test_pid_1037	not depression
test_pid_1038	moderate
test_pid_1039	moderate
test_pid_1040	not depression
test_pid_1041	moderate
test_pid_1042	not depression
test_pid_1043	not depression
test_pid_1044	moderate
test_pid_1045	moderate
test_pid_1046	moderate
test_pid_1047	not depression
test_pid_1048	not depression
test_pid_1049	not depression
test_pid_1050	not depression
test_pid_1051	not depression
test_pid_1052	moderate
test_pid_1053	moderate
test_pid_1054	moderate
test_pid_1055	not depression
test_pid_1056	moderate
test_pid_1057	moderate
test_pid_1058	moderate
test_pid_1059	not depression
test_pid_1060	moderate
test_pid_1061	not depression
test_pid_1062	moderate
test_pid_1063	moderate
test_pid_1064	not depression
test_pid_1065	not depression
test_pid_1066	moderate
test_pid_1067	not depression
test_pid_1068	moderate
test_pid_1069	moderate
test_pid_1070	not depression
test_pid_1071	moderate
test_pid_1072	not depression
test_pid_1073	moderate
test_pid_1074	not depression
test_pid_1075	moderate
test_pid_1076	not depression
test_pid_1077	not depression
test_pid_1078	not depression
test_pid_1079	not depression
test_pid_1080	moderate
test_pid_1081	severe
test_pid_1082	not depression
test_pid_1083	not depression
test_pid_1084	moderate
test_pid_1085	moderate
test_pid_1086	moderate
test_pid_1087	moderate
test_pid_1088	moderate
test_pid_1089	not depression
test_pid_1090	not depression
test_pid_1091	moderate
test_pid_1092	moderate
test_pid_1093	moderate
test_pid_1094	not depression
test_pid_1095	not depression
test_pid_1096	moderate
test_pid_1097	not depression
test_pid_1098	moderate
test_pid_1099	not depression
test_pid_1100	not depression
test_pid_1101	not depression
test_pid_1102	not depression
test_pid_1103	moderate
test_pid_1104	moderate
test_pid_1105	moderate
test_pid_1106	moderate
test_pid_1107	not depression
test_pid_1108	not depression
test_pid_1109	not depression
test_pid_1110	not depression
test_pid_1111	not depression
test_pid_1112	not depression
test_pid_1113	moderate
test_pid_1114	moderate
test_pid_1115	moderate
test_pid_1116	moderate
test_pid_1117	moderate
test_pid_1118	not depression
test_pid_1119	not depression
test_pid_1120	moderate
test_pid_1121	moderate
test_pid_1122	moderate
test_pid_1123	moderate
test_pid_1124	moderate
test_pid_1125	moderate
test_pid_1126	not depression
test_pid_1127	moderate
test_pid_1128	moderate
test_pid_1129	moderate
test_pid_1130	not depression
test_pid_1131	moderate
test_pid_1132	moderate
test_pid_1133	moderate
test_pid_1134	moderate
test_pid_1135	moderate
test_pid_1136	moderate
test_pid_1137	moderate
test_pid_1138	moderate
test_pid_1139	moderate
test_pid_1140	moderate
test_pid_1141	not depression
test_pid_1142	moderate
test_pid_1143	moderate
test_pid_1144	moderate
test_pid_1145	moderate
test_pid_1146	not depression
test_pid_1147	moderate
test_pid_1148	moderate
test_pid_1149	not depression
test_pid_1150	moderate
test_pid_1151	moderate
test_pid_1152	moderate
test_pid_1153	not depression
test_pid_1154	moderate
test_pid_1155	moderate
test_pid_1156	not depression
test_pid_1157	moderate
test_pid_1158	moderate
test_pid_1159	not depression
test_pid_1160	not depression
test_pid_1161	moderate
test_pid_1162	not depression
test_pid_1163	not depression
test_pid_1164	moderate
test_pid_1165	moderate
test_pid_1166	moderate
test_pid_1167	moderate
test_pid_1168	not depression
test_pid_1169	moderate
test_pid_1170	moderate
test_pid_1171	moderate
test_pid_1172	moderate
test_pid_1173	moderate
test_pid_1174	moderate
test_pid_1175	moderate
test_pid_1176	moderate
test_pid_1177	not depression
test_pid_1178	moderate
test_pid_1179	moderate
test_pid_1180	moderate
test_pid_1181	not depression
test_pid_1182	moderate
test_pid_1183	moderate
test_pid_1184	moderate
test_pid_1185	moderate
test_pid_1186	not depression
test_pid_1187	not depression
test_pid_1188	moderate
test_pid_1189	moderate
test_pid_1190	moderate
test_pid_1191	moderate
test_pid_1192	not depression
test_pid_1193	not depression
test_pid_1194	not depression
test_pid_1195	moderate
test_pid_1196	moderate
test_pid_1197	not depression
test_pid_1198	not depression
test_pid_1199	moderate
test_pid_1200	not depression
test_pid_1201	severe
test_pid_1202	moderate
test_pid_1203	moderate
test_pid_1204	moderate
test_pid_1205	moderate
test_pid_1206	moderate
test_pid_1207	not depression
test_pid_1208	not depression
test_pid_1209	moderate
test_pid_1210	moderate
test_pid_1211	moderate
test_pid_1212	moderate
test_pid_1213	not depression
test_pid_1214	not depression
test_pid_1215	not depression
test_pid_1216	moderate
test_pid_1217	moderate
test_pid_1218	moderate
test_pid_1219	not depression
test_pid_1220	not depression
test_pid_1221	moderate
test_pid_1222	moderate
test_pid_1223	not depression
test_pid_1224	not depression
test_pid_1225	moderate
test_pid_1226	not depression
test_pid_1227	moderate
test_pid_1228	not depression
test_pid_1229	moderate
test_pid_1230	not depression
test_pid_1231	not depression
test_pid_1232	moderate
test_pid_1233	moderate
test_pid_1234	not depression
test_pid_1235	not depression
test_pid_1236	moderate
test_pid_1237	not depression
test_pid_1238	not depression
test_pid_1239	not depression
test_pid_1240	moderate
test_pid_1241	moderate
test_pid_1242	moderate
test_pid_1243	not depression
test_pid_1244	moderate
test_pid_1245	not depression
test_pid_1246	moderate
test_pid_1247	moderate
test_pid_1248	not depression
test_pid_1249	not depression
test_pid_1250	not depression
test_pid_1251	not depression
test_pid_1252	moderate
test_pid_1253	moderate
test_pid_1254	severe
test_pid_1255	not depression
test_pid_1256	moderate
test_pid_1257	not depression
test_pid_1258	severe
test_pid_1259	moderate
test_pid_1260	moderate
test_pid_1261	not depression
test_pid_1262	not depression
test_pid_1263	moderate
test_pid_1264	moderate
test_pid_1265	moderate
test_pid_1266	not depression
test_pid_1267	moderate
test_pid_1268	not depression
test_pid_1269	moderate
test_pid_1270	moderate
test_pid_1271	not depression
test_pid_1272	not depression
test_pid_1273	moderate
test_pid_1274	not depression
test_pid_1275	moderate
test_pid_1276	not depression
test_pid_1277	moderate
test_pid_1278	moderate
test_pid_1279	not depression
test_pid_1280	moderate
test_pid_1281	not depression
test_pid_1282	moderate
test_pid_1283	moderate
test_pid_1284	not depression
test_pid_1285	not depression
test_pid_1286	moderate
test_pid_1287	moderate
test_pid_1288	moderate
test_pid_1289	not depression
test_pid_1290	moderate
test_pid_1291	moderate
test_pid_1292	moderate
test_pid_1293	not depression
test_pid_1294	moderate
test_pid_1295	moderate
test_pid_1296	not depression
test_pid_1297	moderate
test_pid_1298	moderate
test_pid_1299	not depression
test_pid_1300	moderate
test_pid_1301	not depression
test_pid_1302	moderate
test_pid_1303	not depression
test_pid_1304	not depression
test_pid_1305	not depression
test_pid_1306	moderate
test_pid_1307	moderate
test_pid_1308	not depression
test_pid_1309	moderate
test_pid_1310	not depression
test_pid_1311	moderate
test_pid_1312	not depression
test_pid_1313	moderate
test_pid_1314	not depression
test_pid_1315	moderate
test_pid_1316	moderate
test_pid_1317	not depression
test_pid_1318	moderate
test_pid_1319	not depression
test_pid_1320	moderate
test_pid_1321	moderate
test_pid_1322	not depression
test_pid_1323	moderate
test_pid_1324	moderate
test_pid_1325	moderate
test_pid_1326	moderate
test_pid_1327	moderate
test_pid_1328	not depression
test_pid_1329	moderate
test_pid_1330	moderate
test_pid_1331	severe
test_pid_1332	not depression
test_pid_1333	moderate
test_pid_1334	severe
test_pid_1335	not depression
test_pid_1336	moderate
test_pid_1337	moderate
test_pid_1338	not depression
test_pid_1339	not depression
test_pid_1340	moderate
test_pid_1341	moderate
test_pid_1342	moderate
test_pid_1343	moderate
test_pid_1344	not depression
test_pid_1345	not depression
test_pid_1346	moderate
test_pid_1347	moderate
test_pid_1348	not depression
test_pid_1349	not depression
test_pid_1350	moderate
test_pid_1351	moderate
test_pid_1352	severe
test_pid_1353	not depression
test_pid_1354	moderate
test_pid_1355	not depression
test_pid_1356	moderate
test_pid_1357	moderate
test_pid_1358	moderate
test_pid_1359	not depression
test_pid_1360	moderate
test_pid_1361	moderate
test_pid_1362	not depression
test_pid_1363	moderate
test_pid_1364	moderate
test_pid_1365	moderate
test_pid_1366	moderate
test_pid_1367	not depression
test_pid_1368	moderate
test_pid_1369	moderate
test_pid_1370	severe
test_pid_1371	moderate
test_pid_1372	moderate
test_pid_1373	not depression
test_pid_1374	moderate
test_pid_1375	moderate
test_pid_1376	not depression
test_pid_1377	moderate
test_pid_1378	not depression
test_pid_1379	not depression
test_pid_1380	moderate
test_pid_1381	not depression
test_pid_1382	moderate
test_pid_1383	moderate
test_pid_1384	moderate
test_pid_1385	moderate
test_pid_1386	not depression
test_pid_1387	moderate
test_pid_1388	moderate
test_pid_1389	not depression
test_pid_1390	moderate
test_pid_1391	moderate
test_pid_1392	moderate
test_pid_1393	not depression
test_pid_1394	not depression
test_pid_1395	not depression
test_pid_1396	moderate
test_pid_1397	not depression
test_pid_1398	severe
test_pid_1399	moderate
test_pid_1400	moderate
test_pid_1401	moderate
test_pid_1402	moderate
test_pid_1403	not depression
test_pid_1404	moderate
test_pid_1405	not depression
test_pid_1406	not depression
test_pid_1407	moderate
test_pid_1408	not depression
test_pid_1409	severe
test_pid_1410	not depression
test_pid_1411	not depression
test_pid_1412	not depression
test_pid_1413	not depression
test_pid_1414	moderate
test_pid_1415	not depression
test_pid_1416	moderate
test_pid_1417	moderate
test_pid_1418	moderate
test_pid_1419	moderate
test_pid_1420	not depression
test_pid_1421	not depression
test_pid_1422	not depression
test_pid_1423	moderate
test_pid_1424	not depression
test_pid_1425	not depression
test_pid_1426	moderate
test_pid_1427	not depression
test_pid_1428	moderate
test_pid_1429	moderate
test_pid_1430	moderate
test_pid_1431	moderate
test_pid_1432	moderate
test_pid_1433	moderate
test_pid_1434	moderate
test_pid_1435	not depression
test_pid_1436	not depression
test_pid_1437	moderate
test_pid_1438	severe
test_pid_1439	not depression
test_pid_1440	not depression
test_pid_1441	not depression
test_pid_1442	severe
test_pid_1443	moderate
test_pid_1444	moderate
test_pid_1445	moderate
test_pid_1446	not depression
test_pid_1447	not depression
test_pid_1448	moderate
test_pid_1449	moderate
test_pid_1450	moderate
test_pid_1451	moderate
test_pid_1452	moderate
test_pid_1453	moderate
test_pid_1454	moderate
test_pid_1455	not depression
test_pid_1456	not depression
test_pid_1457	moderate
test_pid_1458	moderate
test_pid_1459	moderate
test_pid_1460	not depression
test_pid_1461	moderate
test_pid_1462	moderate
test_pid_1463	not depression
test_pid_1464	not depression
test_pid_1465	moderate
test_pid_1466	moderate
test_pid_1467	not depression
test_pid_1468	not depression
test_pid_1469	moderate
test_pid_1470	not depression
test_pid_1471	not depression
test_pid_1472	moderate
test_pid_1473	moderate
test_pid_1474	not depression
test_pid_1475	not depression
test_pid_1476	moderate
test_pid_1477	moderate
test_pid_1478	moderate
test_pid_1479	not depression
test_pid_1480	not depression
test_pid_1481	moderate
test_pid_1482	moderate
test_pid_1483	moderate
test_pid_1484	moderate
test_pid_1485	not depression
test_pid_1486	moderate
test_pid_1487	not depression
test_pid_1488	moderate
test_pid_1489	not depression
test_pid_1490	severe
test_pid_1491	moderate
test_pid_1492	not depression
test_pid_1493	not depression
test_pid_1494	moderate
test_pid_1495	moderate
test_pid_1496	not depression
test_pid_1497	severe
test_pid_1498	not depression
test_pid_1499	severe
test_pid_1500	moderate
test_pid_1501	not depression
test_pid_1502	not depression
test_pid_1503	severe
test_pid_1504	moderate
test_pid_1505	moderate
test_pid_1506	not depression
test_pid_1507	moderate
test_pid_1508	not depression
test_pid_1509	moderate
test_pid_1510	not depression
test_pid_1511	moderate
test_pid_1512	moderate
test_pid_1513	moderate
test_pid_1514	moderate
test_pid_1515	severe
test_pid_1516	moderate
test_pid_1517	not depression
test_pid_1518	moderate
test_pid_1519	not depression
test_pid_1520	not depression
test_pid_1521	not depression
test_pid_1522	moderate
test_pid_1523	moderate
test_pid_1524	not depression
test_pid_1525	severe
test_pid_1526	not depression
test_pid_1527	moderate
test_pid_1528	severe
test_pid_1529	moderate
test_pid_1530	moderate
test_pid_1531	moderate
test_pid_1532	not depression
test_pid_1533	moderate
test_pid_1534	not depression
test_pid_1535	moderate
test_pid_1536	not depression
test_pid_1537	not depression
test_pid_1538	moderate
test_pid_1539	moderate
test_pid_1540	not depression
test_pid_1541	moderate
test_pid_1542	not depression
test_pid_1543	moderate
test_pid_1544	not depression
test_pid_1545	not depression
test_pid_1546	not depression
test_pid_1547	moderate
test_pid_1548	moderate
test_pid_1549	moderate
test_pid_1550	not depression
test_pid_1551	moderate
test_pid_1552	moderate
test_pid_1553	moderate
test_pid_1554	moderate
test_pid_1555	moderate
test_pid_1556	not depression
test_pid_1557	moderate
test_pid_1558	moderate
test_pid_1559	not depression
test_pid_1560	moderate
test_pid_1561	not depression
test_pid_1562	moderate
test_pid_1563	not depression
test_pid_1564	moderate
test_pid_1565	not depression
test_pid_1566	moderate
test_pid_1567	not depression
test_pid_1568	moderate
test_pid_1569	moderate
test_pid_1570	moderate
test_pid_1571	moderate
test_pid_1572	moderate
test_pid_1573	not depression
test_pid_1574	moderate
test_pid_1575	moderate
test_pid_1576	not depression
test_pid_1577	moderate
test_pid_1578	moderate
test_pid_1579	moderate
test_pid_1580	moderate
test_pid_1581	moderate
test_pid_1582	not depression
test_pid_1583	moderate
test_pid_1584	moderate
test_pid_1585	not depression
test_pid_1586	moderate
test_pid_1587	moderate
test_pid_1588	moderate
test_pid_1589	moderate
test_pid_1590	moderate
test_pid_1591	severe
test_pid_1592	moderate
test_pid_1593	moderate
test_pid_1594	not depression
test_pid_1595	not depression
test_pid_1596	moderate
test_pid_1597	moderate
test_pid_1598	moderate
test_pid_1599	moderate
test_pid_1600	moderate
test_pid_1601	moderate
test_pid_1602	not depression
test_pid_1603	moderate
test_pid_1604	moderate
test_pid_1605	moderate
test_pid_1606	moderate
test_pid_1607	moderate
test_pid_1608	moderate
test_pid_1609	moderate
test_pid_1610	not depression
test_pid_1611	not depression
test_pid_1612	moderate
test_pid_1613	not depression
test_pid_1614	not depression
test_pid_1615	moderate
test_pid_1616	moderate
test_pid_1617	moderate
test_pid_1618	moderate
test_pid_1619	moderate
test_pid_1620	not depression
test_pid_1621	moderate
test_pid_1622	moderate
test_pid_1623	moderate
test_pid_1624	moderate
test_pid_1625	moderate
test_pid_1626	moderate
test_pid_1627	not depression
test_pid_1628	moderate
test_pid_1629	moderate
test_pid_1630	not depression
test_pid_1631	severe
test_pid_1632	severe
test_pid_1633	moderate
test_pid_1634	not depression
test_pid_1635	not depression
test_pid_1636	severe
test_pid_1637	not depression
test_pid_1638	moderate
test_pid_1639	not depression
test_pid_1640	not depression
test_pid_1641	moderate
test_pid_1642	moderate
test_pid_1643	moderate
test_pid_1644	moderate
test_pid_1645	moderate
test_pid_1646	not depression
test_pid_1647	moderate
test_pid_1648	moderate
test_pid_1649	moderate
test_pid_1650	moderate
test_pid_1651	moderate
test_pid_1652	moderate
test_pid_1653	moderate
test_pid_1654	not depression
test_pid_1655	moderate
test_pid_1656	moderate
test_pid_1657	severe
test_pid_1658	moderate
test_pid_1659	moderate
test_pid_1660	moderate
test_pid_1661	moderate
test_pid_1662	moderate
test_pid_1663	not depression
test_pid_1664	severe
test_pid_1665	moderate
test_pid_1666	not depression
test_pid_1667	moderate
test_pid_1668	moderate
test_pid_1669	moderate
test_pid_1670	moderate
test_pid_1671	not depression
test_pid_1672	severe
test_pid_1673	moderate
test_pid_1674	moderate
test_pid_1675	moderate
test_pid_1676	not depression
test_pid_1677	moderate
test_pid_1678	moderate
test_pid_1679	severe
test_pid_1680	not depression
test_pid_1681	moderate
test_pid_1682	moderate
test_pid_1683	moderate
test_pid_1684	moderate
test_pid_1685	moderate
test_pid_1686	moderate
test_pid_1687	not depression
test_pid_1688	moderate
test_pid_1689	not depression
test_pid_1690	moderate
test_pid_1691	not depression
test_pid_1692	moderate
test_pid_1693	moderate
test_pid_1694	moderate
test_pid_1695	severe
test_pid_1696	not depression
test_pid_1697	moderate
test_pid_1698	not depression
test_pid_1699	moderate
test_pid_1700	moderate
test_pid_1701	moderate
test_pid_1702	moderate
test_pid_1703	moderate
test_pid_1704	moderate
test_pid_1705	moderate
test_pid_1706	moderate
test_pid_1707	moderate
test_pid_1708	moderate
test_pid_1709	not depression
test_pid_1710	not depression
test_pid_1711	moderate
test_pid_1712	moderate
test_pid_1713	moderate
test_pid_1714	moderate
test_pid_1715	moderate
test_pid_1716	moderate
test_pid_1717	not depression
test_pid_1718	moderate
test_pid_1719	moderate
test_pid_1720	moderate
test_pid_1721	severe
test_pid_1722	moderate
test_pid_1723	not depression
test_pid_1724	moderate
test_pid_1725	moderate
test_pid_1726	moderate
test_pid_1727	not depression
test_pid_1728	moderate
test_pid_1729	not depression
test_pid_1730	moderate
test_pid_1731	moderate
test_pid_1732	moderate
test_pid_1733	severe
test_pid_1734	moderate
test_pid_1735	moderate
test_pid_1736	not depression
test_pid_1737	not depression
test_pid_1738	not depression
test_pid_1739	moderate
test_pid_1740	moderate
test_pid_1741	moderate
test_pid_1742	not depression
test_pid_1743	moderate
test_pid_1744	severe
test_pid_1745	moderate
test_pid_1746	moderate
test_pid_1747	moderate
test_pid_1748	moderate
test_pid_1749	moderate
test_pid_1750	not depression
test_pid_1751	moderate
test_pid_1752	moderate
test_pid_1753	not depression
test_pid_1754	moderate
test_pid_1755	moderate
test_pid_1756	severe
test_pid_1757	moderate
test_pid_1758	moderate
test_pid_1759	moderate
test_pid_1760	not depression
test_pid_1761	moderate
test_pid_1762	moderate
test_pid_1763	moderate
test_pid_1764	not depression
test_pid_1765	moderate
test_pid_1766	moderate
test_pid_1767	moderate
test_pid_1768	moderate
test_pid_1769	moderate
test_pid_1770	moderate
test_pid_1771	moderate
test_pid_1772	moderate
test_pid_1773	not depression
test_pid_1774	moderate
test_pid_1775	moderate
test_pid_1776	moderate
test_pid_1777	moderate
test_pid_1778	moderate
test_pid_1779	moderate
test_pid_1780	moderate
test_pid_1781	not depression
test_pid_1782	moderate
test_pid_1783	moderate
test_pid_1784	moderate
test_pid_1785	moderate
test_pid_1786	moderate
test_pid_1787	moderate
test_pid_1788	not depression
test_pid_1789	severe
test_pid_1790	moderate
test_pid_1791	moderate
test_pid_1792	not depression
test_pid_1793	not depression
test_pid_1794	not depression
test_pid_1795	severe
test_pid_1796	moderate
test_pid_1797	moderate
test_pid_1798	moderate
test_pid_1799	not depression
test_pid_1800	moderate
test_pid_1801	not depression
test_pid_1802	moderate
test_pid_1803	moderate
test_pid_1804	moderate
test_pid_1805	moderate
test_pid_1806	moderate
test_pid_1807	moderate
test_pid_1808	moderate
test_pid_1809	moderate
test_pid_1810	moderate
test_pid_1811	moderate
test_pid_1812	severe
test_pid_1813	moderate
test_pid_1814	moderate
test_pid_1815	not depression
test_pid_1816	moderate
test_pid_1817	moderate
test_pid_1818	not depression
test_pid_1819	moderate
test_pid_1820	not depression
test_pid_1821	moderate
test_pid_1822	moderate
test_pid_1823	moderate
test_pid_1824	moderate
test_pid_1825	not depression
test_pid_1826	moderate
test_pid_1827	moderate
test_pid_1828	moderate
test_pid_1829	moderate
test_pid_1830	moderate
test_pid_1831	severe
test_pid_1832	not depression
test_pid_1833	not depression
test_pid_1834	moderate
test_pid_1835	moderate
test_pid_1836	moderate
test_pid_1837	moderate
test_pid_1838	moderate
test_pid_1839	moderate
test_pid_1840	moderate
test_pid_1841	moderate
test_pid_1842	moderate
test_pid_1843	moderate
test_pid_1844	moderate
test_pid_1845	moderate
test_pid_1846	moderate
test_pid_1847	moderate
test_pid_1848	moderate
test_pid_1849	severe
test_pid_1850	moderate
test_pid_1851	moderate
test_pid_1852	moderate
test_pid_1853	moderate
test_pid_1854	moderate
test_pid_1855	moderate
test_pid_1856	moderate
test_pid_1857	moderate
test_pid_1858	moderate
test_pid_1859	moderate
test_pid_1860	moderate
test_pid_1861	moderate
test_pid_1862	not depression
test_pid_1863	not depression
test_pid_1864	moderate
test_pid_1865	moderate
test_pid_1866	moderate
test_pid_1867	moderate
test_pid_1868	moderate
test_pid_1869	moderate
test_pid_1870	moderate
test_pid_1871	moderate
test_pid_1872	moderate
test_pid_1873	not depression
test_pid_1874	moderate
test_pid_1875	not depression
test_pid_1876	moderate
test_pid_1877	moderate
test_pid_1878	moderate
test_pid_1879	moderate
test_pid_1880	moderate
test_pid_1881	moderate
test_pid_1882	not depression
test_pid_1883	moderate
test_pid_1884	severe
test_pid_1885	moderate
test_pid_1886	moderate
test_pid_1887	moderate
test_pid_1888	moderate
test_pid_1889	moderate
test_pid_1890	moderate
test_pid_1891	moderate
test_pid_1892	not depression
test_pid_1893	moderate
test_pid_1894	severe
test_pid_1895	moderate
test_pid_1896	not depression
test_pid_1897	moderate
test_pid_1898	moderate
test_pid_1899	severe
test_pid_1900	moderate
test_pid_1901	moderate
test_pid_1902	moderate
test_pid_1903	moderate
test_pid_1904	moderate
test_pid_1905	moderate
test_pid_1906	moderate
test_pid_1907	moderate
test_pid_1908	severe
test_pid_1909	moderate
test_pid_1910	moderate
test_pid_1911	moderate
test_pid_1912	moderate
test_pid_1913	moderate
test_pid_1914	moderate
test_pid_1915	moderate
test_pid_1916	moderate
test_pid_1917	moderate
test_pid_1918	moderate
test_pid_1919	moderate
test_pid_1920	not depression
test_pid_1921	moderate
test_pid_1922	moderate
test_pid_1923	moderate
test_pid_1924	severe
test_pid_1925	not depression
test_pid_1926	moderate
test_pid_1927	moderate
test_pid_1928	not depression
test_pid_1929	moderate
test_pid_1930	moderate
test_pid_1931	moderate
test_pid_1932	moderate
test_pid_1933	moderate
test_pid_1934	not depression
test_pid_1935	not depression
test_pid_1936	moderate
test_pid_1937	moderate
test_pid_1938	severe
test_pid_1939	moderate
test_pid_1940	moderate
test_pid_1941	moderate
test_pid_1942	moderate
test_pid_1943	moderate
test_pid_1944	moderate
test_pid_1945	moderate
test_pid_1946	not depression
test_pid_1947	moderate
test_pid_1948	not depression
test_pid_1949	not depression
test_pid_1950	not depression
test_pid_1951	not depression
test_pid_1952	moderate
test_pid_1953	moderate
test_pid_1954	not depression
test_pid_1955	not depression
test_pid_1956	moderate
test_pid_1957	not depression
test_pid_1958	moderate
test_pid_1959	not depression
test_pid_1960	not depression
test_pid_1961	not depression
test_pid_1962	not depression
test_pid_1963	moderate
test_pid_1964	moderate
test_pid_1965	moderate
test_pid_1966	moderate
test_pid_1967	moderate
test_pid_1968	moderate
test_pid_1969	not depression
test_pid_1970	not depression
test_pid_1971	moderate
test_pid_1972	not depression
test_pid_1973	moderate
test_pid_1974	not depression
test_pid_1975	not depression
test_pid_1976	not depression
test_pid_1977	not depression
test_pid_1978	not depression
test_pid_1979	moderate
test_pid_1980	moderate
test_pid_1981	moderate
test_pid_1982	moderate
test_pid_1983	moderate
test_pid_1984	moderate
test_pid_1985	moderate
test_pid_1986	not depression
test_pid_1987	moderate
test_pid_1988	moderate
test_pid_1989	not depression
test_pid_1990	not depression
test_pid_1991	not depression
test_pid_1992	not depression
test_pid_1993	moderate
test_pid_1994	not depression
test_pid_1995	moderate
test_pid_1996	moderate
test_pid_1997	moderate
test_pid_1998	not depression
test_pid_1999	not depression
test_pid_2000	moderate
test_pid_2001	moderate
test_pid_2002	not depression
test_pid_2003	moderate
test_pid_2004	moderate
test_pid_2005	moderate
test_pid_2006	moderate
test_pid_2007	moderate
test_pid_2008	moderate
test_pid_2009	moderate
test_pid_2010	moderate
test_pid_2011	moderate
test_pid_2012	not depression
test_pid_2013	moderate
test_pid_2014	severe
test_pid_2015	not depression
test_pid_2016	moderate
test_pid_2017	not depression
test_pid_2018	moderate
test_pid_2019	moderate
test_pid_2020	moderate
test_pid_2021	moderate
test_pid_2022	not depression
test_pid_2023	moderate
test_pid_2024	moderate
test_pid_2025	moderate
test_pid_2026	moderate
test_pid_2027	moderate
test_pid_2028	moderate
test_pid_2029	not depression
test_pid_2030	not depression
test_pid_2031	moderate
test_pid_2032	moderate
test_pid_2033	not depression
test_pid_2034	not depression
test_pid_2035	not depression
test_pid_2036	moderate
test_pid_2037	moderate
test_pid_2038	moderate
test_pid_2039	not depression
test_pid_2040	not depression
test_pid_2041	moderate
test_pid_2042	not depression
test_pid_2043	moderate
test_pid_2044	not depression
test_pid_2045	not depression
test_pid_2046	not depression
test_pid_2047	moderate
test_pid_2048	moderate
test_pid_2049	moderate
test_pid_2050	severe
test_pid_2051	moderate
test_pid_2052	severe
test_pid_2053	moderate
test_pid_2054	moderate
test_pid_2055	moderate
test_pid_2056	not depression
test_pid_2057	not depression
test_pid_2058	moderate
test_pid_2059	not depression
test_pid_2060	not depression
test_pid_2061	moderate
test_pid_2062	moderate
test_pid_2063	not depression
test_pid_2064	not depression
test_pid_2065	not depression
test_pid_2066	moderate
test_pid_2067	moderate
test_pid_2068	not depression
test_pid_2069	not depression
test_pid_2070	moderate
test_pid_2071	moderate
test_pid_2072	moderate
test_pid_2073	not depression
test_pid_2074	not depression
test_pid_2075	moderate
test_pid_2076	moderate
test_pid_2077	moderate
test_pid_2078	moderate
test_pid_2079	not depression
test_pid_2080	moderate
test_pid_2081	moderate
test_pid_2082	moderate
test_pid_2083	moderate
test_pid_2084	not depression
test_pid_2085	not depression
test_pid_2086	not depression
test_pid_2087	severe
test_pid_2088	moderate
test_pid_2089	severe
test_pid_2090	not depression
test_pid_2091	moderate
test_pid_2092	not depression
test_pid_2093	moderate
test_pid_2094	moderate
test_pid_2095	moderate
test_pid_2096	not depression
test_pid_2097	moderate
test_pid_2098	moderate
test_pid_2099	moderate
test_pid_2100	moderate
test_pid_2101	moderate
test_pid_2102	moderate
test_pid_2103	not depression
test_pid_2104	not depression
test_pid_2105	not depression
test_pid_2106	moderate
test_pid_2107	not depression
test_pid_2108	moderate
test_pid_2109	not depression
test_pid_2110	not depression
test_pid_2111	moderate
test_pid_2112	moderate
test_pid_2113	moderate
test_pid_2114	not depression
test_pid_2115	moderate
test_pid_2116	not depression
test_pid_2117	not depression
test_pid_2118	moderate
test_pid_2119	not depression
test_pid_2120	moderate
test_pid_2121	moderate
test_pid_2122	moderate
test_pid_2123	moderate
test_pid_2124	not depression
test_pid_2125	not depression
test_pid_2126	not depression
test_pid_2127	not depression
test_pid_2128	moderate
test_pid_2129	moderate
test_pid_2130	not depression
test_pid_2131	moderate
test_pid_2132	moderate
test_pid_2133	moderate
test_pid_2134	moderate
test_pid_2135	moderate
test_pid_2136	not depression
test_pid_2137	moderate
test_pid_2138	not depression
test_pid_2139	moderate
test_pid_2140	moderate
test_pid_2141	not depression
test_pid_2142	moderate
test_pid_2143	not depression
test_pid_2144	moderate
test_pid_2145	moderate
test_pid_2146	not depression
test_pid_2147	moderate
test_pid_2148	moderate
test_pid_2149	not depression
test_pid_2150	moderate
test_pid_2151	moderate
test_pid_2152	severe
test_pid_2153	not depression
test_pid_2154	not depression
test_pid_2155	moderate
test_pid_2156	moderate
test_pid_2157	moderate
test_pid_2158	moderate
test_pid_2159	not depression
test_pid_2160	moderate
test_pid_2161	not depression
test_pid_2162	moderate
test_pid_2163	moderate
test_pid_2164	not depression
test_pid_2165	not depression
test_pid_2166	not depression
test_pid_2167	not depression
test_pid_2168	moderate
test_pid_2169	not depression
test_pid_2170	moderate
test_pid_2171	moderate
test_pid_2172	not depression
test_pid_2173	not depression
test_pid_2174	not depression
test_pid_2175	not depression
test_pid_2176	moderate
test_pid_2177	moderate
test_pid_2178	not depression
test_pid_2179	not depression
test_pid_2180	not depression
test_pid_2181	severe
test_pid_2182	not depression
test_pid_2183	not depression
test_pid_2184	moderate
test_pid_2185	not depression
test_pid_2186	moderate
test_pid_2187	moderate
test_pid_2188	moderate
test_pid_2189	not depression
test_pid_2190	moderate
test_pid_2191	not depression
test_pid_2192	moderate
test_pid_2193	moderate
test_pid_2194	not depression
test_pid_2195	not depression
test_pid_2196	not depression
test_pid_2197	not depression
test_pid_2198	not depression
test_pid_2199	not depression
test_pid_2200	not depression
test_pid_2201	moderate
test_pid_2202	moderate
test_pid_2203	not depression
test_pid_2204	moderate
test_pid_2205	not depression
test_pid_2206	moderate
test_pid_2207	not depression
test_pid_2208	moderate
test_pid_2209	not depression
test_pid_2210	not depression
test_pid_2211	moderate
test_pid_2212	not depression
test_pid_2213	not depression
test_pid_2214	not depression
test_pid_2215	not depression
test_pid_2216	moderate
test_pid_2217	moderate
test_pid_2218	not depression
test_pid_2219	not depression
test_pid_2220	not depression
test_pid_2221	moderate
test_pid_2222	moderate
test_pid_2223	not depression
test_pid_2224	not depression
test_pid_2225	not depression
test_pid_2226	moderate
test_pid_2227	not depression
test_pid_2228	not depression
test_pid_2229	not depression
test_pid_2230	not depression
test_pid_2231	not depression
test_pid_2232	moderate
test_pid_2233	not depression
test_pid_2234	moderate
test_pid_2235	not depression
test_pid_2236	not depression
test_pid_2237	moderate
test_pid_2238	not depression
test_pid_2239	moderate
test_pid_2240	not depression
test_pid_2241	not depression
test_pid_2242	not depression
test_pid_2243	not depression
test_pid_2244	moderate
test_pid_2245	moderate
test_pid_2246	moderate
test_pid_2247	moderate
test_pid_2248	not depression
test_pid_2249	not depression
test_pid_2250	moderate
test_pid_2251	not depression
test_pid_2252	moderate
test_pid_2253	not depression
test_pid_2254	not depression
test_pid_2255	not depression
test_pid_2256	not depression
test_pid_2257	not depression
test_pid_2258	not depression
test_pid_2259	moderate
test_pid_2260	moderate
test_pid_2261	not depression
test_pid_2262	not depression
test_pid_2263	moderate
test_pid_2264	severe
test_pid_2265	not depression
test_pid_2266	not depression
test_pid_2267	not depression
test_pid_2268	not depression
test_pid_2269	not depression
test_pid_2270	not depression
test_pid_2271	not depression
test_pid_2272	moderate
test_pid_2273	not depression
test_pid_2274	not depression
test_pid_2275	not depression
test_pid_2276	not depression
test_pid_2277	moderate
test_pid_2278	not depression
test_pid_2279	moderate
test_pid_2280	not depression
test_pid_2281	moderate
test_pid_2282	not depression
test_pid_2283	not depression
test_pid_2284	not depression
test_pid_2285	not depression
test_pid_2286	not depression
test_pid_2287	not depression
test_pid_2288	not depression
test_pid_2289	not depression
test_pid_2290	moderate
test_pid_2291	moderate
test_pid_2292	moderate
test_pid_2293	not depression
test_pid_2294	not depression
test_pid_2295	not depression
test_pid_2296	moderate
test_pid_2297	moderate
test_pid_2298	not depression
test_pid_2299	moderate
test_pid_2300	not depression
test_pid_2301	not depression
test_pid_2302	moderate
test_pid_2303	not depression
test_pid_2304	moderate
test_pid_2305	not depression
test_pid_2306	not depression
test_pid_2307	not depression
test_pid_2308	not depression
test_pid_2309	not depression
test_pid_2310	not depression
test_pid_2311	moderate
test_pid_2312	moderate
test_pid_2313	moderate
test_pid_2314	not depression
test_pid_2315	moderate
test_pid_2316	not depression
test_pid_2317	not depression
test_pid_2318	moderate
test_pid_2319	moderate
test_pid_2320	not depression
test_pid_2321	not depression
test_pid_2322	not depression
test_pid_2323	not depression
test_pid_2324	moderate
test_pid_2325	not depression
test_pid_2326	not depression
test_pid_2327	not depression
test_pid_2328	moderate
test_pid_2329	moderate
test_pid_2330	not depression
test_pid_2331	moderate
test_pid_2332	moderate
test_pid_2333	not depression
test_pid_2334	moderate
test_pid_2335	not depression
test_pid_2336	not depression
test_pid_2337	not depression
test_pid_2338	not depression
test_pid_2339	not depression
test_pid_2340	not depression
test_pid_2341	not depression
test_pid_2342	moderate
test_pid_2343	not depression
test_pid_2344	moderate
test_pid_2345	moderate
test_pid_2346	moderate
test_pid_2347	not depression
test_pid_2348	not depression
test_pid_2349	not depression
test_pid_2350	not depression
test_pid_2351	moderate
test_pid_2352	moderate
test_pid_2353	not depression
test_pid_2354	not depression
test_pid_2355	not depression
test_pid_2356	not depression
test_pid_2357	not depression
test_pid_2358	not depression
test_pid_2359	not depression
test_pid_2360	not depression
test_pid_2361	not depression
test_pid_2362	not depression
test_pid_2363	moderate
test_pid_2364	not depression
test_pid_2365	not depression
test_pid_2366	not depression
test_pid_2367	moderate
test_pid_2368	not depression
test_pid_2369	not depression
test_pid_2370	moderate
test_pid_2371	moderate
test_pid_2372	moderate
test_pid_2373	moderate
test_pid_2374	not depression
test_pid_2375	severe
test_pid_2376	moderate
test_pid_2377	not depression
test_pid_2378	not depression
test_pid_2379	not depression
test_pid_2380	not depression
test_pid_2381	moderate
test_pid_2382	moderate
test_pid_2383	not depression
test_pid_2384	not depression
test_pid_2385	moderate
test_pid_2386	not depression
test_pid_2387	not depression
test_pid_2388	not depression
test_pid_2389	moderate
test_pid_2390	not depression
test_pid_2391	not depression
test_pid_2392	not depression
test_pid_2393	not depression
test_pid_2394	not depression
test_pid_2395	severe
test_pid_2396	not depression
test_pid_2397	moderate
test_pid_2398	moderate
test_pid_2399	not depression
test_pid_2400	not depression
test_pid_2401	moderate
test_pid_2402	severe
test_pid_2403	moderate
test_pid_2404	moderate
test_pid_2405	not depression
test_pid_2406	not depression
test_pid_2407	not depression
test_pid_2408	not depression
test_pid_2409	moderate
test_pid_2410	moderate
test_pid_2411	moderate
test_pid_2412	moderate
test_pid_2413	not depression
test_pid_2414	not depression
test_pid_2415	moderate
test_pid_2416	moderate
test_pid_2417	moderate
test_pid_2418	moderate
test_pid_2419	not depression
test_pid_2420	moderate
test_pid_2421	not depression
test_pid_2422	not depression
test_pid_2423	moderate
test_pid_2424	not depression
test_pid_2425	not depression
test_pid_2426	not depression
test_pid_2427	not depression
test_pid_2428	not depression
test_pid_2429	not depression
test_pid_2430	not depression
test_pid_2431	moderate
test_pid_2432	moderate
test_pid_2433	not depression
test_pid_2434	not depression
test_pid_2435	not depression
test_pid_2436	moderate
test_pid_2437	not depression
test_pid_2438	moderate
test_pid_2439	not depression
test_pid_2440	not depression
test_pid_2441	not depression
test_pid_2442	not depression
test_pid_2443	moderate
test_pid_2444	not depression
test_pid_2445	moderate
test_pid_2446	moderate
test_pid_2447	not depression
test_pid_2448	not depression
test_pid_2449	moderate
test_pid_2450	not depression
test_pid_2451	not depression
test_pid_2452	not depression
test_pid_2453	not depression
test_pid_2454	not depression
test_pid_2455	moderate
test_pid_2456	not depression
test_pid_2457	moderate
test_pid_2458	moderate
test_pid_2459	not depression
test_pid_2460	moderate
test_pid_2461	moderate
test_pid_2462	not depression
test_pid_2463	not depression
test_pid_2464	not depression
test_pid_2465	not depression
test_pid_2466	moderate
test_pid_2467	moderate
test_pid_2468	moderate
test_pid_2469	moderate
test_pid_2470	moderate
test_pid_2471	not depression
test_pid_2472	not depression
test_pid_2473	not depression
test_pid_2474	not depression
test_pid_2475	not depression
test_pid_2476	moderate
test_pid_2477	not depression
test_pid_2478	not depression
test_pid_2479	moderate
test_pid_2480	not depression
test_pid_2481	not depression
test_pid_2482	not depression
test_pid_2483	moderate
test_pid_2484	not depression
test_pid_2485	not depression
test_pid_2486	severe
test_pid_2487	not depression
test_pid_2488	not depression
test_pid_2489	not depression
test_pid_2490	moderate
test_pid_2491	not depression
test_pid_2492	not depression
test_pid_2493	not depression
test_pid_2494	not depression
test_pid_2495	not depression
test_pid_2496	not depression
test_pid_2497	not depression
test_pid_2498	not depression
test_pid_2499	not depression
test_pid_2500	moderate
test_pid_2501	moderate
test_pid_2502	moderate
test_pid_2503	severe
test_pid_2504	not depression
test_pid_2505	not depression
test_pid_2506	moderate
test_pid_2507	moderate
test_pid_2508	not depression
test_pid_2509	moderate
test_pid_2510	not depression
test_pid_2511	not depression
test_pid_2512	not depression
test_pid_2513	not depression
test_pid_2514	not depression
test_pid_2515	not depression
test_pid_2516	not depression
test_pid_2517	moderate
test_pid_2518	moderate
test_pid_2519	moderate
test_pid_2520	not depression
test_pid_2521	moderate
test_pid_2522	moderate
test_pid_2523	not depression
test_pid_2524	moderate
test_pid_2525	moderate
test_pid_2526	not depression
test_pid_2527	not depression
test_pid_2528	not depression
test_pid_2529	not depression
test_pid_2530	not depression
test_pid_2531	not depression
test_pid_2532	not depression
test_pid_2533	moderate
test_pid_2534	not depression
test_pid_2535	not depression
test_pid_2536	not depression
test_pid_2537	moderate
test_pid_2538	moderate
test_pid_2539	not depression
test_pid_2540	severe
test_pid_2541	not depression
test_pid_2542	not depression
test_pid_2543	not depression
test_pid_2544	not depression
test_pid_2545	not depression
test_pid_2546	not depression
test_pid_2547	not depression
test_pid_2548	moderate
test_pid_2549	moderate
test_pid_2550	moderate
test_pid_2551	not depression
test_pid_2552	not depression
test_pid_2553	not depression
test_pid_2554	moderate
test_pid_2555	moderate
test_pid_2556	not depression
test_pid_2557	moderate
test_pid_2558	not depression
test_pid_2559	moderate
test_pid_2560	moderate
test_pid_2561	not depression
test_pid_2562	not depression
test_pid_2563	not depression
test_pid_2564	moderate
test_pid_2565	not depression
test_pid_2566	not depression
test_pid_2567	moderate
test_pid_2568	not depression
test_pid_2569	not depression
test_pid_2570	severe
test_pid_2571	moderate
test_pid_2572	moderate
test_pid_2573	not depression
test_pid_2574	moderate
test_pid_2575	not depression
test_pid_2576	not depression
test_pid_2577	moderate
test_pid_2578	not depression
test_pid_2579	moderate
test_pid_2580	moderate
test_pid_2581	not depression
test_pid_2582	moderate
test_pid_2583	not depression
test_pid_2584	severe
test_pid_2585	not depression
test_pid_2586	not depression
test_pid_2587	not depression
test_pid_2588	moderate
test_pid_2589	not depression
test_pid_2590	not depression
test_pid_2591	moderate
test_pid_2592	moderate
test_pid_2593	not depression
test_pid_2594	not depression
test_pid_2595	moderate
test_pid_2596	not depression
test_pid_2597	not depression
test_pid_2598	not depression
test_pid_2599	moderate
test_pid_2600	moderate
test_pid_2601	not depression
test_pid_2602	not depression
test_pid_2603	moderate
test_pid_2604	not depression
test_pid_2605	moderate
test_pid_2606	moderate
test_pid_2607	not depression
test_pid_2608	moderate
test_pid_2609	not depression
test_pid_2610	not depression
test_pid_2611	moderate
test_pid_2612	moderate
test_pid_2613	not depression
test_pid_2614	moderate
test_pid_2615	moderate
test_pid_2616	not depression
test_pid_2617	not depression
test_pid_2618	moderate
test_pid_2619	moderate
test_pid_2620	not depression
test_pid_2621	moderate
test_pid_2622	not depression
test_pid_2623	not depression
test_pid_2624	moderate
test_pid_2625	not depression
test_pid_2626	moderate
test_pid_2627	not depression
test_pid_2628	moderate
test_pid_2629	not depression
test_pid_2630	moderate
test_pid_2631	moderate
test_pid_2632	not depression
test_pid_2633	not depression
test_pid_2634	not depression
test_pid_2635	not depression
test_pid_2636	not depression
test_pid_2637	not depression
test_pid_2638	not depression
test_pid_2639	not depression
test_pid_2640	not depression
test_pid_2641	moderate
test_pid_2642	not depression
test_pid_2643	not depression
test_pid_2644	not depression
test_pid_2645	not depression
test_pid_2646	not depression
test_pid_2647	not depression
test_pid_2648	not depression
test_pid_2649	not depression
test_pid_2650	not depression
test_pid_2651	not depression
test_pid_2652	not depression
test_pid_2653	not depression
test_pid_2654	not depression
test_pid_2655	not depression
test_pid_2656	not depression
test_pid_2657	moderate
test_pid_2658	not depression
test_pid_2659	not depression
test_pid_2660	not depression
test_pid_2661	moderate
test_pid_2662	not depression
test_pid_2663	not depression
test_pid_2664	not depression
test_pid_2665	not depression
test_pid_2666	not depression
test_pid_2667	not depression
test_pid_2668	not depression
test_pid_2669	not depression
test_pid_2670	not depression
test_pid_2671	moderate
test_pid_2672	not depression
test_pid_2673	not depression
test_pid_2674	not depression
test_pid_2675	not depression
test_pid_2676	not depression
test_pid_2677	moderate
test_pid_2678	not depression
test_pid_2679	not depression
test_pid_2680	not depression
test_pid_2681	not depression
test_pid_2682	not depression
test_pid_2683	not depression
test_pid_2684	not depression
test_pid_2685	not depression
test_pid_2686	moderate
test_pid_2687	not depression
test_pid_2688	not depression
test_pid_2689	not depression
test_pid_2690	moderate
test_pid_2691	severe
test_pid_2692	not depression
test_pid_2693	moderate
test_pid_2694	not depression
test_pid_2695	not depression
test_pid_2696	not depression
test_pid_2697	not depression
test_pid_2698	not depression
test_pid_2699	moderate
test_pid_2700	not depression
test_pid_2701	not depression
test_pid_2702	moderate
test_pid_2703	not depression
test_pid_2704	not depression
test_pid_2705	not depression
test_pid_2706	not depression
test_pid_2707	not depression
test_pid_2708	not depression
test_pid_2709	moderate
test_pid_2710	not depression
test_pid_2711	not depression
test_pid_2712	not depression
test_pid_2713	moderate
test_pid_2714	moderate
test_pid_2715	moderate
test_pid_2716	moderate
test_pid_2717	moderate
test_pid_2718	moderate
test_pid_2719	not depression
test_pid_2720	not depression
test_pid_2721	moderate
test_pid_2722	not depression
test_pid_2723	not depression
test_pid_2724	not depression
test_pid_2725	not depression
test_pid_2726	not depression
test_pid_2727	not depression
test_pid_2728	not depression
test_pid_2729	not depression
test_pid_2730	not depression
test_pid_2731	not depression
test_pid_2732	moderate
test_pid_2733	not depression
test_pid_2734	moderate
test_pid_2735	not depression
test_pid_2736	not depression
test_pid_2737	not depression
test_pid_2738	not depression
test_pid_2739	not depression
test_pid_2740	not depression
test_pid_2741	not depression
test_pid_2742	not depression
test_pid_2743	not depression
test_pid_2744	not depression
test_pid_2745	moderate
test_pid_2746	not depression
test_pid_2747	not depression
test_pid_2748	moderate
test_pid_2749	not depression
test_pid_2750	not depression
test_pid_2751	moderate
test_pid_2752	not depression
test_pid_2753	not depression
test_pid_2754	not depression
test_pid_2755	not depression
test_pid_2756	not depression
test_pid_2757	not depression
test_pid_2758	not depression
test_pid_2759	not depression
test_pid_2760	not depression
test_pid_2761	moderate
test_pid_2762	not depression
test_pid_2763	not depression
test_pid_2764	not depression
test_pid_2765	not depression
test_pid_2766	severe
test_pid_2767	not depression
test_pid_2768	not depression
test_pid_2769	moderate
test_pid_2770	not depression
test_pid_2771	moderate
test_pid_2772	not depression
test_pid_2773	severe
test_pid_2774	not depression
test_pid_2775	not depression
test_pid_2776	not depression
test_pid_2777	not depression
test_pid_2778	moderate
test_pid_2779	moderate
test_pid_2780	not depression
test_pid_2781	moderate
test_pid_2782	not depression
test_pid_2783	not depression
test_pid_2784	not depression
test_pid_2785	moderate
test_pid_2786	not depression
test_pid_2787	not depression
test_pid_2788	moderate
test_pid_2789	not depression
test_pid_2790	not depression
test_pid_2791	not depression
test_pid_2792	not depression
test_pid_2793	not depression
test_pid_2794	not depression
test_pid_2795	moderate
test_pid_2796	not depression
test_pid_2797	moderate
test_pid_2798	not depression
test_pid_2799	not depression
test_pid_2800	not depression
test_pid_2801	moderate
test_pid_2802	moderate
test_pid_2803	moderate
test_pid_2804	not depression
test_pid_2805	moderate
test_pid_2806	not depression
test_pid_2807	not depression
test_pid_2808	not depression
test_pid_2809	not depression
test_pid_2810	moderate
test_pid_2811	not depression
test_pid_2812	not depression
test_pid_2813	not depression
test_pid_2814	not depression
test_pid_2815	moderate
test_pid_2816	moderate
test_pid_2817	moderate
test_pid_2818	moderate
test_pid_2819	not depression
test_pid_2820	not depression
test_pid_2821	moderate
test_pid_2822	not depression
test_pid_2823	not depression
test_pid_2824	not depression
test_pid_2825	not depression
test_pid_2826	moderate
test_pid_2827	severe
test_pid_2828	not depression
test_pid_2829	not depression
test_pid_2830	not depression
test_pid_2831	not depression
test_pid_2832	not depression
test_pid_2833	not depression
test_pid_2834	not depression
test_pid_2835	moderate
test_pid_2836	moderate
test_pid_2837	not depression
test_pid_2838	not depression
test_pid_2839	not depression
test_pid_2840	not depression
test_pid_2841	not depression
test_pid_2842	not depression
test_pid_2843	moderate
test_pid_2844	moderate
test_pid_2845	not depression
test_pid_2846	not depression
test_pid_2847	not depression
test_pid_2848	moderate
test_pid_2849	not depression
test_pid_2850	moderate
test_pid_2851	not depression
test_pid_2852	moderate
test_pid_2853	not depression
test_pid_2854	not depression
test_pid_2855	not depression
test_pid_2856	moderate
test_pid_2857	not depression
test_pid_2858	not depression
test_pid_2859	moderate
test_pid_2860	not depression
test_pid_2861	not depression
test_pid_2862	not depression
test_pid_2863	not depression
test_pid_2864	moderate
test_pid_2865	not depression
test_pid_2866	not depression
test_pid_2867	not depression
test_pid_2868	moderate
test_pid_2869	moderate
test_pid_2870	not depression
test_pid_2871	not depression
test_pid_2872	moderate
test_pid_2873	not depression
test_pid_2874	moderate
test_pid_2875	not depression
test_pid_2876	moderate
test_pid_2877	not depression
test_pid_2878	moderate
test_pid_2879	not depression
test_pid_2880	not depression
test_pid_2881	not depression
test_pid_2882	not depression
test_pid_2883	moderate
test_pid_2884	moderate
test_pid_2885	not depression
test_pid_2886	not depression
test_pid_2887	moderate
test_pid_2888	not depression
test_pid_2889	moderate
test_pid_2890	not depression
test_pid_2891	moderate
test_pid_2892	moderate
test_pid_2893	not depression
test_pid_2894	not depression
test_pid_2895	severe
test_pid_2896	not depression
test_pid_2897	not depression
test_pid_2898	moderate
test_pid_2899	moderate
test_pid_2900	not depression
test_pid_2901	moderate
test_pid_2902	moderate
test_pid_2903	not depression
test_pid_2904	not depression
test_pid_2905	not depression
test_pid_2906	moderate
test_pid_2907	moderate
test_pid_2908	not depression
test_pid_2909	severe
test_pid_2910	not depression
test_pid_2911	moderate
test_pid_2912	moderate
test_pid_2913	moderate
test_pid_2914	not depression
test_pid_2915	not depression
test_pid_2916	moderate
test_pid_2917	moderate
test_pid_2918	not depression
test_pid_2919	not depression
test_pid_2920	not depression
test_pid_2921	not depression
test_pid_2922	not depression
test_pid_2923	not depression
test_pid_2924	not depression
test_pid_2925	not depression
test_pid_2926	severe
test_pid_2927	not depression
test_pid_2928	moderate
test_pid_2929	moderate
test_pid_2930	not depression
test_pid_2931	not depression
test_pid_2932	moderate
test_pid_2933	moderate
test_pid_2934	not depression
test_pid_2935	not depression
test_pid_2936	moderate
test_pid_2937	not depression
test_pid_2938	not depression
test_pid_2939	moderate
test_pid_2940	moderate
test_pid_2941	not depression
test_pid_2942	moderate
test_pid_2943	moderate
test_pid_2944	not depression
test_pid_2945	not depression
test_pid_2946	not depression
test_pid_2947	not depression
test_pid_2948	not depression
test_pid_2949	not depression
test_pid_2950	not depression
test_pid_2951	not depression
test_pid_2952	moderate
test_pid_2953	moderate
test_pid_2954	moderate
test_pid_2955	moderate
test_pid_2956	not depression
test_pid_2957	moderate
test_pid_2958	moderate
test_pid_2959	moderate
test_pid_2960	moderate
test_pid_2961	moderate
test_pid_2962	moderate
test_pid_2963	moderate
test_pid_2964	not depression
test_pid_2965	not depression
test_pid_2966	not depression
test_pid_2967	not depression
test_pid_2968	not depression
test_pid_2969	not depression
test_pid_2970	not depression
test_pid_2971	not depression
test_pid_2972	not depression
test_pid_2973	moderate
test_pid_2974	moderate
test_pid_2975	moderate
test_pid_2976	not depression
test_pid_2977	not depression
test_pid_2978	not depression
test_pid_2979	not depression
test_pid_2980	moderate
test_pid_2981	not depression
test_pid_2982	not depression
test_pid_2983	not depression
test_pid_2984	moderate
test_pid_2985	not depression
test_pid_2986	moderate
test_pid_2987	not depression
test_pid_2988	moderate
test_pid_2989	moderate
test_pid_2990	not depression
test_pid_2991	severe
test_pid_2992	not depression
test_pid_2993	not depression
test_pid_2994	not depression
test_pid_2995	moderate
test_pid_2996	not depression
test_pid_2997	not depression
test_pid_2998	not depression
test_pid_2999	not depression
test_pid_3000	not depression
test_pid_3001	not depression
test_pid_3002	moderate
test_pid_3003	moderate
test_pid_3004	not depression
test_pid_3005	moderate
test_pid_3006	not depression
test_pid_3007	moderate
test_pid_3008	not depression
test_pid_3009	not depression
test_pid_3010	not depression
test_pid_3011	not depression
test_pid_3012	not depression
test_pid_3013	not depression
test_pid_3014	severe
test_pid_3015	moderate
test_pid_3016	not depression
test_pid_3017	not depression
test_pid_3018	severe
test_pid_3019	moderate
test_pid_3020	severe
test_pid_3021	severe
test_pid_3022	moderate
test_pid_3023	moderate
test_pid_3024	severe
test_pid_3025	moderate
test_pid_3026	moderate
test_pid_3027	severe
test_pid_3028	not depression
test_pid_3029	not depression
test_pid_3030	severe
test_pid_3031	moderate
test_pid_3032	not depression
test_pid_3033	severe
test_pid_3034	severe
test_pid_3035	severe
test_pid_3036	severe
test_pid_3037	moderate
test_pid_3038	severe
test_pid_3039	severe
test_pid_3040	moderate
test_pid_3041	not depression
test_pid_3042	moderate
test_pid_3043	moderate
test_pid_3044	severe
test_pid_3045	moderate
test_pid_3046	not depression
test_pid_3047	severe
test_pid_3048	moderate
test_pid_3049	moderate
test_pid_3050	severe
test_pid_3051	severe
test_pid_3052	moderate
test_pid_3053	severe
test_pid_3054	not depression
test_pid_3055	moderate
test_pid_3056	moderate
test_pid_3057	not depression
test_pid_3058	severe
test_pid_3059	moderate
test_pid_3060	moderate
test_pid_3061	moderate
test_pid_3062	severe
test_pid_3063	moderate
test_pid_3064	severe
test_pid_3065	moderate
test_pid_3066	moderate
test_pid_3067	moderate
test_pid_3068	moderate
test_pid_3069	severe
test_pid_3070	moderate
test_pid_3071	severe
test_pid_3072	severe
test_pid_3073	not depression
test_pid_3074	severe
test_pid_3075	moderate
test_pid_3076	moderate
test_pid_3077	severe
test_pid_3078	severe
test_pid_3079	moderate
test_pid_3080	severe
test_pid_3081	severe
test_pid_3082	severe
test_pid_3083	moderate
test_pid_3084	moderate
test_pid_3085	severe
test_pid_3086	severe
test_pid_3087	severe
test_pid_3088	moderate
test_pid_3089	severe
test_pid_3090	severe
test_pid_3091	severe
test_pid_3092	severe
test_pid_3093	severe
test_pid_3094	moderate
test_pid_3095	moderate
test_pid_3096	moderate
test_pid_3097	severe
test_pid_3098	severe
test_pid_3099	moderate
test_pid_3100	moderate
test_pid_3101	moderate
test_pid_3102	severe
test_pid_3103	moderate
test_pid_3104	moderate
test_pid_3105	moderate
test_pid_3106	severe
test_pid_3107	moderate
test_pid_3108	moderate
test_pid_3109	severe
test_pid_3110	severe
test_pid_3111	severe
test_pid_3112	severe
test_pid_3113	moderate
test_pid_3114	moderate
test_pid_3115	severe
test_pid_3116	severe
test_pid_3117	moderate
test_pid_3118	severe
test_pid_3119	severe
test_pid_3120	moderate
test_pid_3121	moderate
test_pid_3122	severe
test_pid_3123	not depression
test_pid_3124	not depression
test_pid_3125	severe
test_pid_3126	moderate
test_pid_3127	moderate
test_pid_3128	moderate
test_pid_3129	severe
test_pid_3130	severe
test_pid_3131	severe
test_pid_3132	severe
test_pid_3133	moderate
test_pid_3134	moderate
test_pid_3135	not depression
test_pid_3136	moderate
test_pid_3137	severe
test_pid_3138	severe
test_pid_3139	severe
test_pid_3140	moderate
test_pid_3141	moderate
test_pid_3142	moderate
test_pid_3143	moderate
test_pid_3144	moderate
test_pid_3145	severe
test_pid_3146	moderate
test_pid_3147	moderate
test_pid_3148	moderate
test_pid_3149	not depression
test_pid_3150	moderate
test_pid_3151	severe
test_pid_3152	severe
test_pid_3153	severe
test_pid_3154	severe
test_pid_3155	moderate
test_pid_3156	severe
test_pid_3157	severe
test_pid_3158	severe
test_pid_3159	severe
test_pid_3160	severe
test_pid_3161	not depression
test_pid_3162	moderate
test_pid_3163	severe
test_pid_3164	moderate
test_pid_3165	severe
test_pid_3166	severe
test_pid_3167	not depression
test_pid_3168	severe
test_pid_3169	severe
test_pid_3170	severe
test_pid_3171	severe
test_pid_3172	moderate
test_pid_3173	severe
test_pid_3174	severe
test_pid_3175	severe
test_pid_3176	moderate
test_pid_3177	not depression
test_pid_3178	severe
test_pid_3179	severe
test_pid_3180	severe
test_pid_3181	moderate
test_pid_3182	moderate
test_pid_3183	moderate
test_pid_3184	severe
test_pid_3185	moderate
test_pid_3186	moderate
test_pid_3187	moderate
test_pid_3188	severe
test_pid_3189	moderate
test_pid_3190	severe
test_pid_3191	not depression
test_pid_3192	severe
test_pid_3193	moderate
test_pid_3194	moderate
test_pid_3195	severe
test_pid_3196	severe
test_pid_3197	moderate
test_pid_3198	moderate
test_pid_3199	severe
test_pid_3200	severe
test_pid_3201	moderate
test_pid_3202	moderate
test_pid_3203	moderate
test_pid_3204	severe
test_pid_3205	moderate
test_pid_3206	severe
test_pid_3207	severe
test_pid_3208	severe
test_pid_3209	moderate
test_pid_3210	moderate
test_pid_3211	severe
test_pid_3212	moderate
test_pid_3213	moderate
test_pid_3214	moderate
test_pid_3215	severe
test_pid_3216	moderate
test_pid_3217	severe
test_pid_3218	moderate
test_pid_3219	moderate
test_pid_3220	moderate
test_pid_3221	severe
test_pid_3222	moderate
test_pid_3223	severe
test_pid_3224	severe
test_pid_3225	moderate
test_pid_3226	severe
test_pid_3227	severe
test_pid_3228	moderate
test_pid_3229	moderate
test_pid_3230	severe
test_pid_3231	severe
test_pid_3232	moderate
test_pid_3233	moderate
test_pid_3234	severe
test_pid_3235	severe
test_pid_3236	not depression
test_pid_3237	moderate
test_pid_3238	severe
test_pid_3239	moderate
test_pid_3240	not depression
test_pid_3241	moderate
test_pid_3242	moderate
test_pid_3243	not depression
test_pid_3244	not depression
test_pid_3245	severe
